fid,flooded_sum,cfevi_norm
1,1,0
2,5,0.0311268873890356
3,5,0.0155634436945178
4,1,0.124507549556142
5,1,0.116725827708883
6,4,0.07003549662533
7,1,0
8,13,0.101162384014366
9,12,0.28014198650132
10,1,0.0855989403198478
11,1,0.194543046181472
12,1,0.362409765888523
13,1,0.0155634436945178
14,1,0.181897748179677
15,1,0.00778172184725889
16,3,0.108944105861624
17,2,0.0233451655417767
18,7,0
19,1,0
20,1,0.167093955324978
21,2,0
22,1,0
23,1,0
24,1,0
25,2,0
26,1,0
27,3,0.0466903310835534
28,2,0
29,3,0
30,3,0.00778172184725889
31,2,0.0311268873890356
32,2,0
33,1,0.0680900661635153
34,2,0
35,1,0
36,2,0.0956325756732998
37,3,0
38,1,0
39,2,0
40,1,0.00778172184725889
41,1,0.0622537747780711
42,6,0
43,1,0.0544720529308122
44,1,0.0544720529308122
45,1,0
46,2,0
47,1,0.114060898962768
48,3,0.0233451655417767
49,1,0
50,3,0
51,1,0
52,1,0.0233451655417767
53,1,0
54,5,0.0855989403198478
55,1,0
56,2,0
57,5,0
58,5,0
59,1,0.00778172184725889
60,11,0
61,5,0
62,3,0
63,1,0
64,1,0.0311268873890356
65,1,0
66,4,0
67,2,0.07003549662533
68,9,0
69,2,0.217888211723249
70,5,0.0155634436945178
71,1,0
72,3,0.0622537747780711
73,2,0
74,1,0.163416158792437
75,2,0
76,1,0
77,6,0
78,3,0
79,1,0.00778172184725889
80,3,0
81,3,0
82,2,0
83,2,0.0311268873890356
84,10,0
85,8,0.0340450330817577
86,3,0.00778172184725889
87,1,0
88,2,0.14007099325066
89,3,0
90,9,0.0145907284636104
91,1,0
92,8,0
93,3,0
94,5,0
95,1,0
96,3,0
97,4,0
98,4,0.0311268873890356
99,4,0.0389086092362945
100,1,0
101,2,0
102,3,0
103,1,0
104,1,0
105,5,0
106,2,0.0544720529308122
107,5,0.0544720529308122
108,1,0.0544720529308122
109,1,0
110,2,0
111,10,0.0544720529308122
112,10,0.202324768028731
113,1,0
114,3,0
115,2,0
116,4,0
117,1,0
118,1,0
119,9,0
120,20,0.233451655417767
121,7,0.101162384014366
122,6,0.365740926821168
123,5,0.0622537747780711
124,1,0
125,1,0
126,2,0.0389086092362945
127,4,0
128,2,0
129,5,0
130,11,0.0778172184725889
131,1,0.0311268873890356
132,17,0.256796820959543
133,1,0.155634436945178
134,1,0
135,1,0
136,3,0
137,1,0
138,2,0
139,5,0
140,7,0
141,3,0
142,1,0
143,1,0
144,8,0
145,1,0
146,5,0
147,1,0
148,7,0
149,1,0.0233451655417767
150,1,0
151,2,0
152,1,0.0155634436945178
153,4,0.0139244962770815
154,1,0
155,4,0.0778172184725889
156,1,0.00778172184725889
157,2,0
158,1,0
159,5,0.108944105861624
160,3,0
161,10,0.116725827708883
162,7,0.0544720529308122
163,2,0.0622537747780711
164,3,0.00778172184725889
165,7,0.07003549662533
166,3,0
167,9,0.0233451655417767
168,6,0.0933806621671067
169,2,0
170,3,0.0544720529308122
171,6,0.0496084767762754
172,1,0.0466903310835534
173,13,0.153169459047896
174,3,0.0417734888312444
175,1,0
176,9,0.0466903310835534
177,1,0
178,3,0
179,3,0
180,1,0
181,1,0
182,1,0
183,1,0
184,12,0.0690095152966505
185,8,0
186,6,0
187,4,0
188,13,0.0233451655417767
189,8,0
190,4,0
191,1,0.171197880639696
192,5,0
193,2,0
194,4,0
195,2,0
196,3,0
197,9,0
198,8,0
199,9,0.142989138943382
200,2,0.00680900661635153
201,5,0
202,2,0.0778172184725889
203,2,0
204,1,0
205,2,0
206,8,0
207,20,0.0233451655417767
208,5,0
209,1,0
210,3,0.00680900661635153
211,11,0.0680900661635153
212,2,0
213,9,0.272360264654061
214,1,0
215,2,0
216,5,0
217,3,0
218,5,0
219,9,0
220,1,0
221,3,0.0544720529308122
222,1,0
223,4,0.00778172184725889
224,2,0.0233451655417767
225,2,0
226,2,0.0155634436945178
227,4,0
228,11,0.0933806621671067
229,13,0
230,15,0.0233451655417767
231,1,0
232,2,0
233,2,0
234,8,0
235,1,0
236,4,0.0622537747780711
237,5,0.132289271403401
238,6,0
239,2,0
240,6,0
241,4,0
242,7,0
243,4,0.0311268873890356
244,1,0
245,1,0.07003549662533
246,6,0
247,8,0.00778172184725889
248,6,0
249,2,0
250,1,0
251,1,0
252,21,0.101162384014366
253,1,0.0544720529308122
254,10,0.171197880639696
255,3,0.171197880639696
256,1,0
257,3,0.00778172184725889
258,9,0.116725827708883
259,1,0
260,2,0
261,8,0.00778172184725889
262,7,0
263,6,0
264,1,0
265,2,0
266,1,0.00778172184725889
267,5,0
268,3,0
269,3,0
270,2,0
271,23,0.101162384014366
272,9,0
273,3,0
274,1,0
275,4,0.0155634436945178
276,4,0
277,12,0.249015099112285
278,26,0.342395761279391
279,31,0.116725827708883
280,28,0
281,1,0
282,7,0
283,2,0
284,1,0.108944105861624
285,12,0.241233377265026
286,13,0.0311268873890356
287,1,0.187827458218411
288,13,0.117285527699868
289,1,0
290,1,0.00778172184725889
291,18,0
292,9,0.0233451655417767
293,7,0
294,2,0
295,1,0
296,5,0.0155634436945178
297,1,0
298,3,0
299,2,0.0155634436945178
300,1,0
301,9,0.0155634436945178
302,2,0.0622537747780711
303,5,0
304,1,0
305,8,0
306,5,0
307,1,0
308,2,0
309,1,0.0466903310835534
310,3,0
311,11,0
312,9,0
313,1,0
314,1,0.171197880639696
315,1,0
316,1,0
317,11,0
318,1,0
319,5,0
320,1,0.00778172184725889
321,11,0
322,9,0
323,9,0
324,2,0
325,5,0.0155634436945178
326,1,0
327,9,0.07003549662533
328,13,0
329,2,0
330,3,0
331,1,0.0855989403198478
332,1,0
333,1,0
334,7,0.0155634436945178
335,1,0
336,1,0
337,1,0
338,10,0.0389086092362945
339,8,0
340,4,0
341,2,0.00778172184725889
342,7,0.07003549662533
343,8,0.0233451655417767
344,3,0
345,10,0
346,3,0
347,7,0
348,1,0.0764602914120418
349,1,0
350,5,0
351,6,0.00778172184725889
352,1,0
353,4,0
354,2,0
355,5,0.0696512847956903
356,2,0
357,5,0.0155634436945178
358,4,0
359,17,0.07003549662533
360,1,0
361,8,0.124507549556142
362,1,0
363,11,0.0204270198490546
364,1,0.0155634436945178
365,2,0.0466903310835534
366,3,0
367,1,0
368,5,0
369,9,0
370,6,0
371,1,0.0933806621671067
372,7,0
373,9,0.0145907284636104
374,7,0.0280166357814936
375,1,0.0145907284636104
376,1,0
377,3,0
378,1,0
379,1,0.0466903310835534
380,10,0.0155634436945178
381,1,0
382,1,0.0622537747780711
383,8,0
384,2,0
385,6,0
386,1,0
387,6,0.0155634436945178
388,2,0.0466903310835534
389,1,0.07003549662533
390,7,0
391,1,0
392,5,0
393,16,0.0778172184725889
394,1,0
395,20,0.07003549662533
396,5,0.0155634436945178
397,5,0
398,2,0
399,15,0.0622537747780711
400,11,0
401,5,0.0933806621671067
402,3,0
403,2,0
404,2,0
405,8,0
406,16,0
407,4,0
408,1,0
409,7,0
410,1,0
411,2,0.0233451655417767
412,9,0
413,7,0.00778172184725889
414,5,0
415,6,0.00778172184725889
416,9,0.0311268873890356
417,3,0
418,4,0
419,3,0.0466903310835534
420,1,0
421,2,0
422,1,0.0155634436945178
423,5,0.00778172184725889
424,1,0
425,2,0
426,2,0.0389086092362945
427,2,0
428,7,0
429,1,0
430,2,0
431,10,0
432,15,0
433,5,0.0280166357814936
434,2,0.319050595737615
435,1,0
436,1,0
437,1,0
438,9,0
439,1,0
440,9,0
441,4,0.0560332715629872
442,1,0.404649536057462
443,1,0.536938807460864
444,9,0
445,2,0.49024847637731
446,1,0.0466903310835534
447,1,0
448,8,0
449,9,0.42021297975198
450,1,0.591410860391676
451,2,0.163416158792437
452,1,0.14007099325066
453,2,0.0778172184725889
454,4,0
455,2,0.35017748312665
456,1,0.303487152043097
457,1,0.0778172184725889
458,2,0.101162384014366
459,1,0
460,1,0.101162384014366
461,3,0.108944105861624
462,2,0
463,6,0
464,1,0
465,3,0.0233451655417767
466,7,0.0155634436945178
467,1,0.0408540396981092
468,3,0
469,1,0
470,7,0
471,1,0
472,2,0
473,3,0
474,1,0
475,1,0.147852715097919
476,1,0
477,2,0.0778172184725889
478,1,0.194543046181472
479,12,0.178979602486955
480,9,0
481,1,0.0855989403198478
482,4,0
483,5,0
484,7,0
485,1,0
486,7,0
487,2,0
488,6,0
489,5,0
490,4,0
491,3,0
492,1,0.0301541721581282
493,4,0.0389086092362945
494,5,0
495,4,0
496,10,0.07003549662533
497,3,0.0233451655417767
498,4,0
499,2,0
500,2,0
501,1,0.0445527947069188
502,1,0
503,5,0
504,1,0
505,3,0.0280166357814936
506,2,0.0840499073444809
507,1,0
508,1,0
509,7,0
510,2,0
511,2,0.467912583036865
512,9,0
513,4,0.0280166357814936
514,2,0.174128211989226
515,3,0.171197880639696
516,1,0.0933806621671067
517,2,0.00583629138544417
518,2,0
519,3,0
520,4,0
521,3,0
522,4,0.147852715097919
523,2,0
524,5,0
525,36,0.326832317584873
526,3,0
527,6,0
528,1,0
529,1,0
530,1,0
531,9,0.0155634436945178
532,2,0
533,26,0.194543046181472
534,28,0.217888211723249
535,10,0
536,1,0
537,13,0
538,3,0
539,9,0
540,30,0.171197880639696
541,4,0
542,8,0
543,4,0.0272360264654061
544,6,0
545,1,0.0544720529308122
546,4,0.0389086092362945
547,5,0
548,5,0.00778172184725889
549,4,0.00778172184725889
550,3,0.00778172184725889
551,8,0.101162384014366
552,15,0.00778172184725889
553,5,0
554,3,0
555,4,0
556,3,0.0696512847956903
557,13,0.101162384014366
558,2,0.0233451655417767
559,2,0
560,3,0
561,11,0
562,1,0
563,12,0.00778172184725889
564,5,0
565,4,0.0680900661635153
566,5,0
567,5,0.0778172184725889
568,3,0.0155634436945178
569,1,0
570,12,0.0233451655417767
571,8,0
572,4,0
573,4,0.0885170860125699
574,1,0
575,5,0
576,12,0
577,3,0
578,3,0
579,3,0
580,4,0
581,8,0.28014198650132
582,2,0.0855989403198478
583,18,0.0311268873890356
584,1,0
585,9,0
586,5,0
587,6,0
588,16,0.112066543125974
589,1,0
590,1,0
591,5,0
592,5,0
593,4,0.0233451655417767
594,2,0.0933806621671067
595,4,0
596,6,0.0155634436945178
597,9,0
598,2,0
599,8,0.0408540396981092
600,1,0
601,2,0
602,2,0
603,2,0
604,6,0
605,1,0
606,2,0.0155634436945178
607,14,0.0233451655417767
608,12,0.0272360264654061
609,1,0.280166357814936
610,3,0
611,3,0
612,3,0
613,8,0
614,2,0.0136180132327031
615,11,0
616,4,0.280166357814936
617,7,0.138521960275293
618,5,0.0408540396981092
619,1,0
620,2,0.342395761279391
621,1,0.443558145293757
622,2,0
623,6,0.00778172184725889
624,22,0.056417483392627
625,1,0
626,4,0.0175088741563325
627,2,0
628,3,0
629,7,0.0764602914120418
630,1,0.160510198756523
631,12,0.136180132327031
632,1,0.0311268873890356
633,4,0
634,8,0.0612810595471638
635,13,0
636,2,0.175485139049773
637,5,0.0311268873890356
638,2,0
639,10,0
640,3,0
641,8,0
642,6,0
643,17,0.0340450330817577
644,4,0.00583629138544417
645,13,0.160510198756523
646,28,0.635231788409739
647,3,0
648,1,0
649,2,0
650,17,0.152139973507996
651,9,0
652,2,0
653,1,0
654,2,0.195335841154368
655,5,0
656,10,0.0116725827708883
657,13,0.0116725827708883
658,1,0
659,3,0.396700079609
660,6,0.0280166357814936
661,9,0.0756796820959543
662,1,0
663,9,0.00680900661635153
664,5,0.00680900661635153
665,11,0.0408540396981092
666,10,0
667,3,0
668,12,0.103696317877448
669,3,0.0136180132327031
670,14,0.230942092868301
671,6,0
672,7,0.00583629138544417
673,2,0
674,5,0
675,8,0
676,5,0
677,2,0
678,2,0
679,13,0.152920582824084
680,1,0.438334728623197
681,9,0
682,5,0
683,1,0
684,3,0
685,1,0
686,1,0.0688706754796028
687,2,0
688,4,0
689,5,0.0840499073444809
690,1,0
691,6,0
692,2,0
693,1,0
694,1,0.0778172184725889
695,2,0
696,11,0
697,1,0
698,17,0.0311268873890356
699,4,0
700,1,0
701,4,0
702,1,0.00778172184725889
703,6,0
704,3,0.324886887123059
705,1,0.591410860391676
706,2,0.0155634436945178
707,1,0.0155634436945178
708,1,0
709,2,0.0204270198490546
710,1,0
711,14,0.256616900701532
712,15,0.0764602914120418
713,3,0.0560332715629872
714,11,0.0900783046447449
715,5,0
716,2,0
717,1,0.116725827708883
718,14,0.0778172184725889
719,12,0.0855989403198478
720,8,0
721,7,0.00778172184725889
722,33,0.568065694849899
723,3,0.163416158792437
724,1,0.0855989403198478
725,2,0
726,1,0
727,9,0.378806993623028
728,2,0
729,2,0
730,3,0.0280166357814936
731,18,0.0968873112610964
732,13,0.250588503401268
733,9,0
734,3,0
735,3,0.112066543125974
736,8,0.384643285008472
737,15,0.0311268873890356
738,13,0.116725827708883
739,24,0.178979602486955
740,6,0.131316556172494
741,14,0.228792370834858
742,41,0.357959204973909
743,22,0.147852715097919
744,21,0.116725827708883
745,16,0.101162384014366
746,6,0.0155634436945178
747,24,0.147852715097919
748,20,0.186761324334213
749,8,0.0778172184725889
750,1,0
751,4,0
752,1,0
753,2,0
754,12,0.399041907557262
755,21,0.826100450896018
756,12,0.137741350959206
757,9,0.125684556358678
758,3,0
759,2,0
760,2,0
761,17,0.0840499073444809
762,6,0
763,9,0
764,9,0
765,2,0
766,5,0
767,8,0.00778172184725889
768,1,0
769,1,0
770,16,0.0379358940053871
771,20,0.155634436945178
772,72,0.583629138544417
773,2,0.00778172184725889
774,13,0
775,41,0.28014198650132
776,2,0
777,3,0
778,41,0.295705430195838
779,31,0.334614039432132
780,2,0
781,1,0.00778172184725889
782,1,0.14007099325066
783,1,0.0544720529308122
784,1,0.0155634436945178
785,4,0.540445456554853
786,3,0
787,6,0
788,10,0.204870887548622
789,13,0.19455523183828
790,9,0
791,9,0
792,2,0.0280166357814936
793,4,0.00778172184725889
794,5,0
795,55,0.435776423446498
796,19,0.147852715097919
797,2,0
798,8,0.0389086092362945
799,2,0.00778172184725889
800,16,0.0311268873890356
801,11,0.07003549662533
802,16,0.108944105861624
803,5,0.0778172184725889
804,1,0
805,4,0
806,2,0
807,3,0
808,2,0.00680900661635153
809,10,0.0840499073444809
810,1,0
811,7,0
812,2,0
813,2,0
814,12,0.264987125950058
815,2,0
816,3,0
817,2,0
818,1,0
819,14,0.0933806621671067
820,2,0
821,3,0.0155634436945178
822,67,0.529157085613605
823,14,0.0155634436945178
824,9,0.0534993376999049
825,79,0.641019337167951
826,48,0.326832317584873
827,2,0
828,5,0.00778172184725889
829,21,0.0622537747780711
830,82,0.684791522558783
831,41,0.319050595737615
832,9,0.14007099325066
833,9,0.429363814316594
834,1,0.163416158792437
835,3,0.0311268873890356
836,3,0.0136180132327031
837,7,0
838,1,0
839,6,0.0560332715629872
840,2,0
841,1,0.0560332715629872
842,3,0
843,6,0
844,12,0.0484436556305482
845,8,0.0696512847956903
846,6,0.0155634436945178
847,57,0.459121588988275
848,31,0.163416158792437
849,31,0.264578542806802
850,38,0.295705430195838
851,18,0.14007099325066
852,9,0.0389086092362945
853,13,0.0466903310835534
854,27,0.178979602486955
855,1,0.00778172184725889
856,7,0.0204270198490546
857,10,0.0690627813944227
858,23,0.0311268873890356
859,19,0.132289271403401
860,43,0.357959204973909
861,22,0.225669933570508
862,23,0.132289271403401
863,16,0.249015099112285
864,5,0.155634436945178
865,2,0.342395761279391
866,3,0.0233451655417767
867,1,0
868,4,0.0962988078598288
869,4,0
870,28,0.728432530318834
871,5,0.545153483764994
872,13,0.140083178907468
873,1,0.108944105861624
874,1,0.00778172184725889
875,5,0
876,4,0
877,10,0
878,13,0.0778172184725889
879,8,0.0155634436945178
880,40,0.256796820959543
881,65,0.552502251155381
882,64,0.536938807460864
883,11,0.0466903310835534
884,8,0
885,33,0.146879999867012
886,3,0.0778172184725889
887,1,0.07003549662533
888,28,0.178979602486955
889,11,0.0389086092362945
890,7,0
891,14,0
892,38,0.513593641919087
893,49,0.679363814316594
894,16,0.129767523197127
895,52,0.427994701599239
896,1,0
897,1,0
898,5,0
899,1,0
900,4,0
901,2,0
902,8,0.0389086092362945
903,16,0.07003549662533
904,21,0.147852715097919
905,3,0.00778172184725889
906,13,0.0855989403198478
907,10,0
908,8,0.0544720529308122
909,13,0.0155634436945178
910,16,0.0155634436945178
911,15,0
912,43,0.357959204973909
913,51,0.42021297975198
914,74,0.570983840542621
915,29,0.208161059414175
916,2,0
917,38,0.241233377265026
918,18,0.0778172184725889
919,1,0.0908589139608324
920,6,0
921,2,0
922,1,0.0466903310835534
923,36,0.311268873890356
924,46,0.389086092362945
925,11,0
926,12,0
927,8,0
928,6,0
929,4,0
930,14,0.0933806621671067
931,12,0.07003549662533
932,8,0
933,38,0.217888211723249
934,42,0.311268873890356
935,13,0.146879999867012
936,23,0.273332979884969
937,4,0
938,35,0.256796820959543
939,35,0.241233377265026
940,3,0.0145907284636104
941,15,0.0962988078598288
942,18,0.0389086092362945
943,26,0.163416158792437
944,1,0
945,33,0.239095840888391
946,3,0.0136180132327031
947,3,0
948,4,0
949,3,0.0155634436945178
950,5,0
951,2,0
952,24,0.14007099325066
953,46,0.342395761279391
954,2,0
955,9,0.00778172184725889
956,36,0.241233377265026
957,4,0
958,5,0
959,50,0.427994701599239
960,13,0.193774622522193
961,11,0.0233451655417767
962,11,0.0389086092362945
963,15,0.07003549662533
964,18,0.14007099325066
965,16,0.0340450330817577
966,12,0.0311268873890356
967,10,0
968,2,0.0136180132327031
969,3,0
970,14,0
971,1,0
972,34,0.241233377265026
973,32,0.21010648987599
974,20,0.0933806621671067
975,5,0.101162384014366
976,9,0
977,10,0.0544720529308122
978,15,0.0778172184725889
979,3,0.101162384014366
980,54,0.49024847637731
981,4,0
982,5,0
983,10,0
984,3,0
985,1,0
986,3,0
987,1,0
988,17,0.108944105861624
989,15,0.0311268873890356
990,6,0
991,13,0.0778172184725889
992,35,0.405250225115538
993,2,0.116725827708883
994,4,0
995,9,0
996,5,0
997,12,0.07003549662533
998,5,0.0155634436945178
999,16,0.0855989403198478
1000,30,0.186761324334213
1001,1,0
1002,8,0.07003549662533
1003,23,0.163416158792437
1004,15,0.0778172184725889
1005,4,0.0155634436945178
1006,12,0.0340450330817577
1007,9,0.0155634436945178
1008,10,0
1009,20,0.0778172184725889
1010,8,0.00778172184725889
1011,54,0.427994701599239
1012,12,0.0959145960301891
1013,5,0
1014,2,0
1015,51,0.404649536057462
1016,10,0.0622537747780711
1017,1,0
1018,4,0.0155634436945178
1019,49,0.381304370515686
1020,12,0.07003549662533
1021,4,0
1022,7,0
1023,1,0
1024,17,0.194543046181472
1025,41,0.319050595737615
1026,6,0
1027,11,0.0369631787744797
1028,3,0
1029,39,0.241233377265026
1030,5,0
1031,22,0.0855989403198478
1032,59,0.529157085613605
1033,67,0.599192582238935
1034,35,0.256796820959543
1035,7,0.0466903310835534
1036,15,0.101162384014366
1037,10,0.0155634436945178
1038,9,0.0466903310835534
1039,23,0.186761324334213
1040,25,0.272360264654061
1041,30,0.186761324334213
1042,7,0
1043,7,0
1044,1,0
1045,34,0.410894410586162
1046,20,0.112834966785254
1047,3,0
1048,1,0
1049,7,0
1050,16,0.0155634436945178
1051,7,0.0466903310835534
1052,1,0.00778172184725889
1053,10,0.0466903310835534
1054,23,0.124507549556142
1055,13,0.0544720529308122
1056,6,0.00778172184725889
1057,1,0
1058,23,0.147852715097919
1059,63,0.56028397300264
1060,27,0.287923708348579
1061,3,0.0233451655417767
1062,1,0
1063,6,0.0155634436945178
1064,29,0.0466903310835534
1065,1,0
1066,8,0
1067,1,0
1068,5,0.0155634436945178
1069,19,0.14007099325066
1070,4,0
1071,19,0.0233451655417767
1072,3,0
1073,24,0.186761324334213
1074,29,0.217888211723249
1075,14,0
1076,13,0
1077,59,0.474685032682792
1078,18,0.171197880639696
1079,11,0
1080,14,0.0855989403198478
1081,49,0.396867814210204
1082,1,0
1083,8,0
1084,8,0
1085,3,0
1086,22,0.00778172184725889
1087,1,0
1088,30,0.217888211723249
1089,3,0.0155634436945178
1090,16,0.0544720529308122
1091,4,0
1092,15,0.108944105861624
1093,35,0.264578542806802
1094,33,0.233451655417767
1095,18,0.0466903310835534
1096,32,0.171197880639696
1097,50,0.396867814210204
1098,81,0.669228078864265
1099,11,0.0544720529308122
1100,10,0
1101,6,0
1102,2,0
1103,9,0
1104,28,0.217888211723249
1105,25,0.147852715097919
1106,10,0
1107,4,0
1108,12,0
1109,1,0
1110,62,0.503674383695193
1111,2,0.00778172184725889
1112,3,0
1113,23,0.394562543232365
1114,68,0.552502251155381
1115,52,0.381304370515686
1116,9,0
1117,2,0
1118,1,0
1119,42,0.326832317584873
1120,11,0.0622537747780711
1121,15,0.0778172184725889
1122,26,0.194543046181472
1123,1,0
1124,19,0.124507549556142
1125,49,0.342395761279391
1126,17,0.0855989403198478
1127,6,0.0778172184725889
1128,5,0
1129,13,0
1130,23,0.108944105861624
1131,53,0.459121588988275
1132,7,0.0233451655417767
1133,11,0.086968053037203
1134,15,0.0622537747780711
1135,19,0.108944105861624
1136,28,0.194543046181472
1137,3,0
1138,12,0.0544720529308122
1139,25,0.163416158792437
1140,26,0.14007099325066
1141,31,0.101162384014366
1142,35,0.194543046181472
1143,14,0.0622537747780711
1144,9,0.0466903310835534
1145,18,0.0155634436945178
1146,38,0.256796820959543
1147,13,0.101162384014366
1148,8,0
1149,2,0
1150,17,0.0855989403198478
1151,3,0
1152,53,0.396867814210204
1153,26,0.153689006483363
1154,26,0.171197880639696
1155,26,0.147852715097919
1156,3,0
1157,6,0.00778172184725889
1158,11,0
1159,8,0
1160,15,0.0622537747780711
1161,21,0.0855989403198478
1162,25,0.132289271403401
1163,56,0.451339867141016
1164,18,0.0233451655417767
1165,60,0.49024847637731
1166,32,0.202324768028731
1167,23,0.0778172184725889
1168,25,0.108944105861624
1169,7,0
1170,11,0
1171,10,0
1172,13,0.00778172184725889
1173,1,0
1174,29,0.194543046181472
1175,6,0.0233451655417767
1176,47,0.396867814210204
1177,22,0.163416158792437
1178,1,0
1179,23,0.108944105861624
1180,1,0
1181,1,0
1182,17,0
1183,60,0.451339867141016
1184,13,0.0622537747780711
1185,5,0.0311268873890356
1186,4,0
1187,2,0
1188,3,0
1189,3,0
1190,10,0.0544720529308122
1191,8,0.0389086092362945
1192,6,0.0233451655417767
1193,6,0.0155634436945178
1194,10,0
1195,20,0.132289271403401
1196,38,0.249015099112285
1197,12,0.07003549662533
1198,32,0.171197880639696
1199,9,0.0233451655417767
1200,3,0
1201,23,0.122562119094328
1202,4,0.00778172184725889
1203,2,0
1204,16,0.07003549662533
1205,52,0.427994701599239
1206,11,0.0466903310835534
1207,40,0.295705430195838
1208,9,0.0466903310835534
1209,2,0
1210,8,0.0466903310835534
1211,24,0.155634436945178
1212,2,0
1213,2,0
1214,1,0
1215,11,0
1216,37,0.28014198650132
1217,30,0.163416158792437
1218,9,0.0233451655417767
1219,8,0.0155634436945178
1220,15,0.0194543046181472
1221,1,0
1222,7,0
1223,50,0.396867814210204
1224,26,0.186761324334213
1225,5,0.00778172184725889
1226,8,0
1227,47,0.295705430195838
1228,10,0.0622537747780711
1229,58,0.435776423446498
1230,28,0.21010648987599
1231,19,0.168099814688962
1232,58,0.466903310835533
1233,59,0.427994701599239
1234,2,0
1235,8,0.0466903310835534
1236,50,0.412431257904721
1237,2,0
1238,16,0.0155634436945178
1239,3,0.0778172184725889
1240,11,0
1241,6,0
1242,10,0.00778172184725889
1243,5,0
1244,19,0
1245,2,0
1246,18,0.0855989403198478
1247,4,0
1248,5,0.0155634436945178
1249,8,0
1250,22,0.0379358940053871
1251,27,0.21010648987599
1252,72,0.677009800711524
1253,34,0.225669933570508
1254,35,0.225669933570508
1255,2,0
1256,15,0.101162384014366
1257,6,0.0155634436945178
1258,57,0.42021297975198
1259,42,0.365740926821168
1260,11,0
1261,1,0
1262,9,0.00778172184725889
1263,5,0.0155634436945178
1264,22,0.0466903310835534
1265,13,0.00778172184725889
1266,10,0
1267,10,0
1268,3,0
1269,8,0
1270,2,0.00778172184725889
1271,4,0.00778172184725889
1272,2,0
1273,1,0
1274,21,0.147852715097919
1275,26,0.186761324334213
1276,16,0.0311268873890356
1277,20,0.14007099325066
1278,37,0.272360264654061
1279,7,0.0389086092362945
1280,48,0.357959204973909
1281,8,0
1282,1,0
1283,55,0.412431257904721
1284,31,0.171197880639696
1285,5,0.0155634436945178
1286,25,0.178979602486955
1287,46,0.412431257904721
1288,16,0.0466903310835534
1289,8,0
1290,15,0.0223724503108693
1291,28,0.147852715097919
1292,16,0.116725827708883
1293,27,0.155634436945178
1294,2,0
1295,1,0
1296,4,0.0155634436945178
1297,3,0.00778172184725889
1298,4,0.0155634436945178
1299,1,0
1300,2,0
1301,19,0.0155634436945178
1302,2,0
1303,8,0
1304,1,0
1305,11,0.0544720529308122
1306,13,0.07003549662533
1307,26,0.101162384014366
1308,26,0.256796820959543
1309,10,0.0855989403198478
1310,34,0.249015099112285
1311,32,0.241233377265026
1312,1,0
1313,1,0
1314,4,0
1315,9,0
1316,1,0
1317,61,0.473712317451885
1318,72,0.614756025933452
1319,29,0.194543046181472
1320,60,0.466903310835533
1321,84,0.677009800711524
1322,8,0.0622537747780711
1323,27,0.171197880639696
1324,62,0.49024847637731
1325,3,0
1326,8,0
1327,13,0.0622537747780711
1328,28,0.147852715097919
1329,5,0
1330,19,0.101162384014366
1331,26,0.124507549556142
1332,6,0
1333,3,0
1334,15,0.186761324334213
1335,6,0.14007099325066
1336,6,0
1337,7,0.00778172184725889
1338,5,0
1339,2,0
1340,20,0.117698542939791
1341,30,0.194543046181472
1342,23,0.155634436945178
1343,66,0.521375363766346
1344,47,0.35017748312665
1345,82,0.622537747780711
1346,25,0.186761324334213
1347,2,0
1348,3,0.00778172184725889
1349,16,0.0933806621671067
1350,32,0.21010648987599
1351,4,0
1352,19,0.099024847637731
1353,4,0
1354,22,0.155634436945178
1355,1,0
1356,13,0.0311268873890356
1357,1,0
1358,4,0.0155634436945178
1359,5,0.057978702024802
1360,2,0.0155634436945178
1361,3,0.0155634436945178
1362,5,0.057978702024802
1363,5,0
1364,4,0
1365,11,0.07003549662533
1366,3,0.00680900661635153
1367,3,0.00778172184725889
1368,21,0.101162384014366
1369,14,0.0466903310835534
1370,6,0.0155634436945178
1371,13,0
1372,9,0
1373,14,0.0778172184725889
1374,21,0.108944105861624
1375,8,0
1376,1,0
1377,10,0
1378,1,0
1379,15,0.0311268873890356
1380,37,0.256796820959543
1381,23,0.147852715097919
1382,3,0.0155634436945178
1383,5,0.00778172184725889
1384,1,0.00778172184725889
1385,35,0.272360264654061
1386,7,0
1387,20,0.101162384014366
1388,12,0.00778172184725889
1389,13,0.154866013285898
1390,61,0.56028397300264
1391,74,0.738495151830315
1392,66,0.521375363766346
1393,43,0.334614039432132
1394,20,0.0544720529308122
1395,14,0
1396,19,0.07003549662533
1397,1,0
1398,4,0
1399,14,0.0233451655417767
1400,29,0.205242913721453
1401,14,0.00680900661635153
1402,1,0
1403,41,0.303487152043097
1404,13,0.0855989403198478
1405,5,0
1406,2,0
1407,2,0
1408,17,0.0622537747780711
1409,9,0.00778172184725889
1410,1,0
1411,13,0.0544720529308122
1412,13,0.0622537747780711
1413,9,0.0544720529308122
1414,12,0.0389086092362945
1415,71,0.599192582238935
1416,36,0.264578542806802
1417,56,0.474685032682792
1418,16,0.0389086092362945
1419,26,0.186761324334213
1420,41,0.319050595737615
1421,2,0
1422,10,0
1423,14,0.197089165701363
1424,5,0
1425,1,0
1426,21,0.132289271403401
1427,68,0.568065694849899
1428,80,0.669228078864265
1429,78,0.669228078864265
1430,41,0.303487152043097
1431,3,0
1432,5,0
1433,8,0
1434,4,0
1435,6,0
1436,2,0
1437,23,0.155634436945178
1438,34,0.241233377265026
1439,86,0.669228078864265
1440,40,0.319050595737615
1441,29,0.163416158792437
1442,41,0.272360264654061
1443,2,0
1444,50,0.381304370515686
1445,59,0.459121588988275
1446,43,0.319050595737615
1447,23,0.155634436945178
1448,50,0.42021297975198
1449,44,0.326832317584873
1450,38,0.264578542806802
1451,49,0.389086092362945
1452,16,0.0466903310835534
1453,10,0.0544720529308122
1454,6,0.0233451655417767
1455,1,0.00778172184725889
1456,9,0.0280166357814936
1457,10,0
1458,5,0
1459,14,0
1460,3,0
1461,12,0.0233451655417767
1462,32,0.241233377265026
1463,16,0.0778172184725889
1464,31,0.233451655417767
1465,25,0.178979602486955
1466,5,0.0933806621671067
1467,15,0.202324768028731
1468,47,0.435776423446498
1469,18,0.163416158792437
1470,8,0
1471,15,0.108944105861624
1472,70,0.544720529308122
1473,60,0.482466754530051
1474,76,0.606974304086194
1475,27,0.171197880639696
1476,12,0
1477,8,0.0311268873890356
1478,1,0
1479,9,0.0155634436945178
1480,11,0
1481,7,0
1482,8,0
1483,8,0.0311268873890356
1484,48,0.334614039432132
1485,50,0.396867814210204
1486,1,0
1487,29,0.155634436945178
1488,4,0
1489,2,0
1490,5,0
1491,13,0.0466903310835534
1492,6,0
1493,7,0.0466903310835534
1494,50,0.521375363766346
1495,32,0.241233377265026
1496,3,0.0233451655417767
1497,1,0
1498,19,0.0855989403198478
1499,10,0.0544720529308122
1500,26,0.186761324334213
1501,1,0
1502,6,0.0311268873890356
1503,28,0.108944105861624
1504,1,0
1505,3,0.0233451655417767
1506,3,0
1507,20,0.0544720529308122
1508,12,0.0389086092362945
1509,8,0
1510,7,0.00778172184725889
1511,6,0.0233451655417767
1512,12,0
1513,4,0
1514,9,0.0155634436945178
1515,10,0
1516,17,0.18015660928949
1517,4,0
1518,8,0
1519,1,0
1520,12,0.112066543125974
1521,14,0.0855989403198478
1522,60,0.498030198224569
1523,27,0.202324768028731
1524,2,0
1525,19,0.07003549662533
1526,6,0.0233451655417767
1527,6,0.0233451655417767
1528,26,0.233451655417767
1529,11,0.0778172184725889
1530,11,0
1531,6,0
1532,34,0.153689006483363
1533,9,0.0389086092362945
1534,10,0
1535,37,0.233451655417767
1536,4,0
1537,6,0
1538,7,0.0204270198490546
1539,15,0.0552526622468998
1540,9,0
1541,13,0.080735364165311
1542,18,0.108944105861624
1543,4,0.0155634436945178
1544,23,0.124507549556142
1545,14,0
1546,13,0
1547,7,0
1548,41,0.287923708348579
1549,42,0.272360264654061
1550,56,0.443558145293757
1551,47,0.357959204973909
1552,11,0
1553,1,0
1554,20,0.0622537747780711
1555,12,0.0855989403198478
1556,24,0.217888211723249
1557,9,0
1558,15,0
1559,6,0
1560,4,0
1561,2,0
1562,6,0
1563,3,0
1564,73,1
1565,76,0.606974304086194
1566,30,0.202324768028731
1567,1,0
1568,9,0
1569,22,0.0155634436945178
1570,7,0
1571,19,0.0778172184725889
1572,1,0
1573,1,0
1574,8,0
1575,8,0
1576,9,0.0778172184725889
1577,10,0
1578,1,0
1579,6,0
1580,6,0
1581,1,0
1582,9,0
1583,1,0
1584,1,0
1585,9,0
1586,9,0
1587,6,0
1588,1,0
1589,1,0
1590,9,0
1591,8,0
1592,1,0
1593,9,0
1594,2,0
1595,20,0.0933806621671067
1596,11,0.07003549662533
1597,5,0
1598,7,0
1599,4,0
1600,31,0.163416158792437
1601,3,0
1602,7,0
1603,1,0
1604,10,0
1605,1,0
1606,1,0
1607,8,0
1608,10,0.0622537747780711
1609,57,0.451339867141016
1610,2,0
1611,1,0
1612,8,0
1613,10,0
1614,5,0
1615,21,0
1616,5,0
1617,2,0
1618,8,0
1619,3,0
1620,10,0.0233451655417767
1621,4,0
1622,4,0.00778172184725889
1623,12,0.0622537747780711
1624,11,0.0466903310835534
1625,2,0
1626,6,0
1627,11,0.0155634436945178
1628,1,0
1629,4,0
1630,3,0
1631,15,0
1632,1,0
1633,5,0
1634,8,0.0233451655417767
1635,2,0
1636,42,0.326832317584873
1637,8,0.0311268873890356
1638,7,0
1639,1,0
1640,4,0
1641,7,0
1642,2,0
1643,21,0.265767735266146
1644,15,0.0272360264654061
1645,12,0
1646,19,0.0389086092362945
1647,6,0
1648,3,0
1649,6,0
1650,14,0.0233451655417767
1651,17,0.0836535098580331
1652,24,0.0505811920071828
1653,3,0
1654,3,0
1655,8,0
1656,3,0
1657,14,0.0778172184725889
1658,2,0
1659,15,0.0778172184725889
1660,1,0
1661,9,0
1662,8,0
1663,11,0
1664,1,0
1665,8,0
1666,8,0
1667,3,0.0155634436945178
1668,24,0.110889536323439
1669,5,0
1670,3,0.124507549556142
1671,3,0.0933806621671067
1672,16,0.0865716555507552
1673,15,0.108944105861624
1674,24,0.14007099325066
1675,43,0.342395761279391
1676,3,0
1677,2,0
1678,2,0
1679,17,0.132493562975029
1680,13,0.188526834538016
1681,1,0
1682,10,0
1683,4,0
1684,12,0.155634436945178
1685,49,0.451339867141016
1686,21,0.205242913721453
1687,2,0.0680900661635153
1688,8,0.0311268873890356
1689,34,0.217888211723249
1690,2,0
1691,14,0
1692,6,0
1693,15,0.07003549662533
1694,23,0.101162384014366
1695,44,0.365740926821168
1696,20,0.108944105861624
1697,5,0
1698,2,0
1699,6,0
1700,45,0.342395761279391
1701,39,0.295705430195838
1702,21,0.0466903310835534
1703,18,0.152716291252456
1704,9,0.00680900661635153
1705,3,0
1706,36,0.178979602486955
1707,7,0
1708,5,0
1709,12,0.07003549662533
1710,2,0
1711,24,0.194543046181472
1712,6,0
1713,7,0.0155634436945178
1714,19,0.116725827708883
1715,18,0
1716,11,0
1717,8,0
1718,17,0.0389086092362945
1719,2,0
1720,2,0
1721,6,0
1722,13,0
1723,3,0
1724,1,0
1725,6,0
1726,3,0
1727,26,0.155634436945178
1728,44,0.311268873890356
1729,54,0.528184370382697
1730,8,0.104080529707088
1731,11,0.00778172184725889
1732,9,0
1733,14,0.0233451655417767
1734,18,0.0778172184725889
1735,26,0.108944105861624
1736,7,0
1737,11,0.0311268873890356
1738,11,0.0155634436945178
1739,12,0.0155634436945178
1740,11,0.0622537747780711
1741,18,0.0778172184725889
1742,6,0
1743,2,0
1744,76,0.638101191475229
1745,75,0.638101191475229
1746,22,0.176061456794232
1747,9,0.0311268873890356
1748,1,0
1749,4,0.00778172184725889
1750,10,0
1751,12,0
1752,41,0.319050595737615
1753,13,0
1754,59,0.451339867141016
1755,13,0.07003549662533
1756,8,0
1757,12,0
1758,45,0.326832317584873
1759,27,0.202324768028731
1760,7,0.0155634436945178
1761,12,0.0855989403198478
1762,85,0.645882913322488
1763,28,0.116725827708883
1764,28,0.108944105861624
1765,2,0
1766,6,0
1767,8,0
1768,8,0
1769,13,0.0466903310835534
1770,14,0.0622537747780711
1771,19,0.116725827708883
1772,13,0.0544720529308122
1773,8,0
1774,8,0
1775,14,0.0311268873890356
1776,17,0.0544720529308122
1777,73,0.575847416697158
1778,55,0.459121588988275
1779,30,0.225669933570508
1780,16,0.0933806621671067
1781,6,0
1782,1,0
1783,7,0
1784,18,0.116725827708883
1785,13,0
1786,11,0.0622537747780711
1787,8,0.0233451655417767
1788,6,0
1789,3,0
1790,14,0
1791,33,0.256796820959543
1792,71,0.653664635169747
1793,33,0.28014198650132
1794,13,0.0622537747780711
1795,7,0.0233451655417767
1796,8,0.07003549662533
1797,24,0.0145907284636104
1798,7,0
1799,16,0.101162384014366
1800,17,0.132289271403401
1801,45,0.365740926821168
1802,20,0.14007099325066
1803,8,0.0389086092362945
1804,38,0.311268873890356
1805,50,0.482466754530051
1806,17,0.0544720529308122
1807,6,0
1808,11,0.0622537747780711
1809,2,0.0155634436945178
1810,11,0
1811,30,0.194543046181472
1812,71,0.56028397300264
1813,13,0.00778172184725889
1814,8,0
1815,4,0
1816,6,0.0155634436945178
1817,17,0.0933806621671067
1818,28,0.202324768028731
1819,44,0.389086092362945
1820,41,0.319050595737615
1821,6,0.00778172184725889
1822,11,0.0544720529308122
1823,65,0.599192582238935
1824,60,0.498030198224569
1825,21,0.357983576287525
1826,7,0
1827,1,0
1828,29,0.217888211723249
1829,24,0.178979602486955
1830,1,0
1831,8,0
1832,10,0
1833,10,0
1834,1,0
1835,9,0
1836,23,0.147852715097919
1837,19,0.116725827708883
1838,11,0.0155634436945178
1839,6,0.0155634436945178
1840,21,0.155634436945178
1841,13,0.0778172184725889
1842,18,0.0778172184725889
1843,68,0.568065694849899
1844,65,0.550556820693567
1845,6,0
1846,1,0
1847,2,0.0311268873890356
1848,3,0
1849,12,0.0272360264654061
1850,11,0
1851,1,0
1852,22,0.163416158792437
1853,72,0.583629138544417
1854,52,0.412431257904721
1855,6,0
1856,18,0.0155634436945178
1857,10,0
1858,19,0.124507549556142
1859,67,0.638101191475229
1860,13,0.07003549662533
1861,8,0
1862,15,0.0466903310835534
1863,35,0.264578542806802
1864,1,0.010699867539981
1865,5,0
1866,2,0
1867,17,0.0696512847956903
1868,1,0
1869,5,0
1870,8,0
1871,1,0
1872,10,0.0155634436945178
1873,28,0.108944105861624
1874,1,0
1875,22,0.0544720529308122
1876,12,0.07003549662533
1877,22,0.132289271403401
1878,15,0.0311268873890356
1879,36,0.233451655417767
1880,39,0.249015099112285
1881,1,0
1882,1,0
1883,2,0
1884,4,0
1885,1,0
1886,3,0
1887,28,0.108944105861624
1888,16,0.0466903310835534
1889,8,0.0233451655417767
1890,2,0
1891,33,0.21010648987599
1892,39,0.303487152043097
1893,37,0.295705430195838
1894,9,0
1895,18,0.101162384014366
1896,10,0.0389086092362945
1897,9,0.0233451655417767
1898,32,0.241233377265026
1899,12,0.0778172184725889
1900,6,0.0840499073444809
1901,12,0
1902,10,0
1903,2,0.153701192140171
1904,1,0.00291814569272208
1905,4,0
1906,9,0
1907,9,0
1908,6,0
1909,3,0.00778172184725889
1910,9,0
1911,2,0.00778172184725889
1912,8,0.00778172184725889
1913,19,0.0466903310835534
1914,42,0.373522648668427
1915,2,0.147852715097919
1916,22,0.202324768028731
1917,9,0.0933806621671067
1918,7,0.00778172184725889
1919,9,0
1920,2,0.132289271403401
1921,1,0
1922,10,0.159729589440435
1923,3,0
1924,14,0
1925,5,0
1926,8,0
1927,9,0
1928,47,0.334614039432132
1929,63,0.498030198224569
1930,29,0.194543046181472
1931,16,0.108944105861624
1932,8,0.0311268873890356
1933,13,0.0622537747780711
1934,4,0
1935,3,0
1936,18,0
1937,8,0.116725827708883
1938,27,0.194543046181472
1939,1,0.00778172184725889
1940,6,0.00778172184725889
1941,7,0.124507549556142
1942,9,0.124507549556142
1943,23,0.0933806621671067
1944,1,0.00778172184725889
1945,4,0.108944105861624
1946,4,0.124507549556142
1947,10,0.1105053244938
1948,1,0.00680900661635153
1949,2,0
1950,27,0.129371125710679
1951,1,0
1952,6,0.0280166357814936
1953,7,0.0136180132327031
1954,12,0.0976679205771839
1955,9,0
1956,18,0.236970490168565
1957,11,0
1958,31,0.258178119333707
1959,3,0
1960,7,0
1961,10,0.0544720529308122
1962,66,0.536938807460864
1963,86,0.669228078864265
1964,39,0.326832317584873
1965,55,0.42021297975198
1966,56,0.435776423446498
1967,10,0
1968,7,0
1969,5,0
1970,17,0.0671173509326079
1971,2,0
1972,11,0.0155634436945178
1973,31,0.217888211723249
1974,32,0.21010648987599
1975,18,0.0389086092362945
1976,13,0.0855989403198478
1977,22,0.147852715097919
1978,23,0.124507549556142
1979,9,0.0311268873890356
1980,38,0.287923708348579
1981,57,0.482466754530051
1982,19,0.256028397300264
1983,3,0.07003549662533
1984,1,0
1985,8,0
1986,15,0
1987,14,0.125684556358678
1988,11,0
1989,3,0
1990,10,0
1991,5,0.0348256423978452
1992,8,0.0560332715629872
1993,5,0.0560332715629872
1994,2,0
1995,14,0.0233451655417767
1996,10,0
1997,8,0.0466903310835534
1998,87,0.684791522558783
1999,80,0.684791522558783
2000,65,0.568065694849899
2001,22,0.14007099325066
2002,11,0.07003549662533
2003,7,0
2004,1,0
2005,6,0.0155634436945178
2006,6,0
2007,34,0.217888211723249
2008,6,0.0155634436945178
2009,4,0.0155634436945178
2010,11,0.0389086092362945
2011,5,0.00778172184725889
2012,52,0.396867814210204
2013,81,0.669228078864265
2014,69,0.63031946962797
2015,69,0.599192582238935
2016,71,0.544720529308122
2017,42,0.367110039538523
2018,26,0.208161059414175
2019,6,0
2020,7,0
2021,5,0.0840499073444809
2022,8,0
2023,6,0
2024,5,0
2025,4,0
2026,4,0
2027,12,0
2028,28,0.369464053143594
2029,9,0
2030,8,0
2031,9,0
2032,10,0
2033,10,0.0947497748844619
2034,18,0
2035,11,0
2036,20,0.108944105861624
2037,14,0
2038,13,0
2039,7,0
2040,8,0
2041,21,0.0778172184725889
2042,21,0.0778172184725889
2043,49,0.396867814210204
2044,23,0.147852715097919
2045,26,0.194543046181472
2046,44,0.342395761279391
2047,44,0.373522648668427
2048,20,0.132289271403401
2049,1,0
2050,4,0.0155634436945178
2051,18,0.108944105861624
2052,11,0
2053,25,0.202324768028731
2054,28,0.194543046181472
2055,23,0.116725827708883
2056,46,0.35017748312665
2057,19,0.108944105861624
2058,6,0
2059,41,0.28014198650132
2060,68,0.599192582238935
2061,56,0.443558145293757
2062,57,0.474685032682792
2063,26,0.171197880639696
2064,15,0.0622537747780711
2065,24,0.14007099325066
2066,4,0
2067,4,0
2068,4,0
2069,7,0
2070,3,0
2071,4,0
2072,16,0.00680900661635153
2073,7,0
2074,1,0
2075,16,0.0560332715629872
2076,2,0
2077,15,0.0280166357814936
2078,10,0.0696512847956903
2079,5,0
2080,19,0.14689218552382
2081,6,0
2082,21,0.0233451655417767
2083,1,0
2084,3,0
2085,24,0.123342728410415
2086,1,0
2087,2,0
2088,1,0
2089,2,0
2090,2,0
2091,17,0.0544720529308122
2092,54,0.474685032682792
2093,31,0.233451655417767
2094,35,0.303487152043097
2095,52,0.404649536057462
2096,11,0
2097,13,0
2098,2,0.0778172184725889
2099,13,0.07003549662533
2100,28,0.124507549556142
2101,4,0
2102,10,0.0311268873890356
2103,11,0.0389086092362945
2104,11,0
2105,14,0
2106,50,0.389086092362945
2107,18,0.0778172184725889
2108,17,0.07003549662533
2109,22,0.0855989403198478
2110,24,0.07003549662533
2111,27,0.155634436945178
2112,50,0.412431257904721
2113,5,0.0311268873890356
2114,1,0
2115,18,0.0885170860125699
2116,9,0
2117,10,0
2118,2,0
2119,3,0
2120,17,0.117314331110151
2121,5,0.0136180132327031
2122,5,0
2123,4,0
2124,5,0
2125,9,0
2126,1,0
2127,2,0
2128,2,0
2129,7,0
2130,38,0.222559681962966
2131,60,0.534801271084229
2132,10,0.0544720529308122
2133,14,0.07003549662533
2134,9,0.0233451655417767
2135,1,0
2136,6,0.0155634436945178
2137,14,0.0855989403198478
2138,2,0
2139,37,0.272360264654061
2140,1,0
2141,12,0.07003549662533
2142,11,0
2143,3,0.0155634436945178
2144,12,0
2145,43,0.245124238188655
2146,2,0.0904625164743846
2147,4,0
2148,4,0
2149,2,0
2150,11,0
2151,18,0.101162384014366
2152,16,0.0155634436945178
2153,1,0
2154,1,0
2155,59,0.451339867141016
2156,61,0.536938807460864
2157,63,0.466903310835533
2158,3,0.0900783046447449
2159,1,0
2160,1,0.0311268873890356
2161,4,0
2162,1,0
2163,2,0
2164,1,0
2165,4,0.101162384014366
2166,4,0
2167,1,0
2168,8,0
2169,7,0
2170,15,0.0272360264654061
2171,10,0
2172,7,0
2173,2,0
2174,1,0
2175,13,0.0840499073444809
2176,68,0.565928158473264
2177,56,0.513593641919087
2178,8,0.0348256423978452
2179,12,0
2180,5,0
2181,8,0
2182,2,0
2183,10,0
2184,21,0.14007099325066
2185,57,0.474685032682792
2186,3,0.0233451655417767
2187,5,0.0233451655417767
2188,20,0.108944105861624
2189,8,0
2190,6,0.0943533773980141
2191,10,0
2192,4,0
2193,7,0.0233451655417767
2194,3,0.0155634436945178
2195,3,0
2196,1,0.171978489955783
2197,17,0.125684556358678
2198,15,0.4519527418559
2199,7,0.0982442383216435
2200,9,0.116149509964424
2201,3,0.265767735266146
2202,4,0.0836535098580331
2203,11,0.187734039565121
2204,5,0.14007099325066
2205,5,0.232683231758487
2206,2,0.0680900661635153
2207,4,0.0680900661635153
2208,5,0.0204270198490546
2209,29,0.149798145559734
2210,24,0.0748990727798668
2211,1,0
2212,9,0
2213,9,0.0348256423978452
2214,20,0.174908821305313
2215,3,0
2216,1,0
2217,22,0.267316768241513
2218,9,0.0678979602486955
2219,41,0.396099390550924
2220,12,0.07003549662533
2221,6,0
2222,43,0.759355126136242
2223,8,0.0136180132327031
2224,11,0.0832692980283934
2225,4,0
2226,3,0
2227,1,0
2228,26,0.186761324334213
2229,42,0.35017748312665
2230,77,0.591410860391676
2231,50,0.396867814210204
2232,6,0.0233451655417767
2233,24,0.155634436945178
2234,24,0.163416158792437
2235,10,0.0622537747780711
2236,25,0.101162384014366
2237,6,0
2238,14,0.101162384014366
2239,1,0.124507549556142
2240,17,0
2241,17,0.0311268873890356
2242,51,0.357959204973909
2243,23,0.0622537747780711
2244,9,0.0155634436945178
2245,1,0.0544720529308122
2246,3,0.0476630463144607
2247,15,0.0155634436945178
2248,8,0.0204270198490546
2249,1,0.0204270198490546
2250,1,0.0544720529308122
2251,2,0.1585525826379
2252,4,0.0680900661635153
2253,2,0.334614039432132
2254,7,0
2255,8,0
2256,15,0.141440105968015
2257,46,0.389086092362945
2258,52,0.574118463463779
2259,9,0.0416346490141967
2260,9,0
2261,6,0
2262,3,0
2263,1,0
2264,2,0
2265,19,0.0311268873890356
2266,27,0.0855989403198478
2267,30,0.256796820959543
2268,24,0.186761324334213
2269,11,0
2270,8,0
2271,6,0
2272,3,0
2273,56,0.435776423446498
2274,34,0.233451655417767
2275,3,0.00778172184725889
2276,52,0.42021297975198
2277,86,0.684791522558783
2278,45,0.311268873890356
2279,10,0.00778172184725889
2280,2,0
2281,1,0
2282,43,0.256796820959543
2283,15,0
2284,17,0.0778172184725889
2285,2,0.0233451655417767
2286,2,0
2287,2,0.163416158792437
2288,3,0.0136180132327031
2289,9,0.0340450330817577
2290,5,0.00583629138544417
2291,6,0.225669933570508
2292,17,0.139302569591381
2293,22,0.224133086251949
2294,5,0.0280166357814936
2295,18,0
2296,7,0.0311268873890356
2297,9,0.0136180132327031
2298,13,0
2299,2,0
2300,9,0
2301,10,0.0696512847956903
2302,11,0
2303,3,0
2304,6,0
2305,1,0
2306,9,0.00778172184725889
2307,8,0.0389086092362945
2308,19,0.101162384014366
2309,22,0.108944105861624
2310,2,0
2311,6,0.00778172184725889
2312,21,0.101162384014366
2313,2,0
2314,4,0
2315,6,0.0233451655417767
2316,67,0.505811920071828
2317,61,0.474685032682792
2318,8,0
2319,6,0
2320,3,0
2321,4,0.0155634436945178
2322,29,0.155634436945178
2323,23,0.116725827708883
2324,7,0
2325,8,0
2326,9,0.0484436556305482
2327,2,0
2328,1,0.183843178641491
2329,6,0.00875443707816625
2330,1,0.07003549662533
2331,9,0.0840499073444809
2332,1,0
2333,8,0
2334,1,0
2335,8,0
2336,7,0
2337,2,0
2338,9,0
2339,4,0
2340,3,0
2341,2,0
2342,26,0.14007099325066
2343,24,0.171197880639696
2344,1,0.00778172184725889
2345,12,0.0311268873890356
2346,2,0
2347,9,0.0311268873890356
2348,4,0
2349,2,0
2350,14,0
2351,2,0
2352,10,0
2353,6,0
2354,4,0.0155634436945178
2355,8,0
2356,1,0.00778172184725889
2357,1,0.116725827708883
2358,18,0.0272360264654061
2359,1,0.0233451655417767
2360,4,0.00875443707816625
2361,7,0.0560332715629872
2362,4,0
2363,6,0
2364,13,0.120232476802873
2365,19,0.07003549662533
2366,12,0
2367,1,0
2368,9,0
2369,1,0
2370,11,0
2371,8,0.0560332715629872
2372,14,0.0560332715629872
2373,4,0
2374,2,0
2375,22,0.163416158792437
2376,73,0.583629138544417
2377,10,0.0544720529308122
2378,9,0
2379,4,0
2380,5,0
2381,13,0.0311268873890356
2382,8,0
2383,4,0
2384,9,0
2385,1,0.0466903310835534
2386,3,0.0233451655417767
2387,10,0.0466903310835534
2388,10,0.139302569591381
2389,37,0.463817430541608
2390,35,0.559347814742157
2391,20,0.124507549556142
2392,17,0.120232476802873
2393,11,0.265767735266146
2394,13,0.0885170860125699
2395,4,0.195335841154368
2396,9,0.0155634436945178
2397,14,0.07003549662533
2398,13,0.0155634436945178
2399,20,0.0622537747780711
2400,17,0.116725827708883
2401,15,0.07003549662533
2402,8,0
2403,8,0
2404,1,0
2405,40,0.264578542806802
2406,21,0.0622537747780711
2407,15,0.0155634436945178
2408,6,0
2409,1,0.0340450330817577
2410,1,0.00778172184725889
2411,1,0.125876662273497
2412,2,0
2413,5,0.0389086092362945
2414,2,0
2415,16,0.00291814569272208
2416,2,0
2417,5,0
2418,2,0
2419,4,0
2420,21,0
2421,1,0
2422,8,0
2423,4,0
2424,8,0
2425,4,0
2426,10,0
2427,1,0
2428,4,0
2429,36,0.233451655417767
2430,1,0
2431,1,0
2432,5,0
2433,2,0
2434,24,0.101162384014366
2435,4,0.0311268873890356
2436,12,0
2437,3,0.252521748206274
2438,1,0.0778172184725889
2439,24,0.337544370781662
2440,9,0
2441,1,0
2442,8,0.010699867539981
2443,8,0
2444,2,0
2445,1,0
2446,7,0
2447,1,0
2448,6,0
2449,7,0
2450,8,0.0233451655417767
2451,15,0.0778172184725889
2452,2,0
2453,14,0
2454,6,0
2455,6,0
2456,4,0.0622537747780711
2457,3,0
2458,7,0
2459,13,0.0622537747780711
2460,26,0.0855989403198478
2461,3,0
2462,5,0
2463,1,0
2464,1,0
2465,2,0.0389086092362945
2466,4,0.0280166357814936
2467,2,0.353095628819372
2468,7,0.00583629138544417
2469,10,0
2470,6,0.0445527947069188
2471,9,0
2472,34,0.171197880639696
2473,31,0.373150622495595
2474,12,0.0961067019450089
2475,10,0.0885170860125699
2476,8,0
2477,15,0.181717827921665
2478,6,0.028989351012401
2479,11,0.0544720529308122
2480,28,0.116725827708883
2481,10,0
2482,13,0.0484436556305482
2483,17,0.0560332715629872
2484,1,0
2485,8,0
2486,5,0.00778172184725889
2487,10,0
2488,4,0
2489,18,0.0311268873890356
2490,11,0.00778172184725889
2491,1,0
2492,1,0
2493,1,0.0136180132327031
2494,6,0.49024847637731
2495,9,0
2496,23,0.188130437051569
2497,53,0.483835867247407
2498,17,0.0678979602486955
2499,17,0.0912431257904721
2500,1,0.0641992052398859
2501,14,0.22858807926323
2502,12,0.0778172184725889
2503,4,0
2504,2,0.0155634436945178
2505,24,0.0622537747780711
2506,11,0
2507,12,0
2508,9,0
2509,8,0
2510,9,0
2511,5,0.0840499073444809
2512,9,0.112066543125974
2513,8,0
2514,8,0
2515,2,0
2516,1,0
2517,3,0.0155634436945178
2518,8,0.0233451655417767
2519,6,0
2520,12,0.139302569591381
2521,17,0.112066543125974
2522,12,0.148249112584367
2523,4,0.07003549662533
2524,1,0.211079205106897
2525,7,0.0272360264654061
2526,3,0.231506224955952
2527,1,0.427994701599239
2528,11,0.0280166357814936
2529,19,0.0748990727798668
2530,7,0.0612810595471638
2531,3,0
2532,3,0
2533,27,0.15836047672308
2534,9,0.0340450330817577
2535,2,0
2536,11,0
2537,15,0
2538,14,0.0466903310835534
2539,4,0
2540,1,0
2541,12,0
2542,19,0.0756796820959543
2543,8,0
2544,10,0.0947497748844619
2545,2,0
2546,24,0.124507549556142
2547,3,0.00778172184725889
2548,14,0
2549,4,0
2550,9,0
2551,10,0
2552,9,0
2553,8,0.0311268873890356
2554,10,0
2555,2,0
2556,3,0.0560332715629872
2557,10,0.0840499073444809
2558,3,0.0280166357814936
2559,2,0
2560,18,0.677009800711524
2561,22,0.136960741643118
2562,1,0
2563,1,0
2564,11,0
2565,8,0
2566,1,0
2567,21,0.147852715097919
2568,20,0.116725827708883
2569,4,0
2570,10,0
2571,5,0
2572,18,0.108944105861624
2573,12,0
2574,6,0
2575,10,0.101162384014366
2576,58,0.498030198224569
2577,12,0.07003549662533
2578,2,0
2579,21,0.0875443707816625
2580,1,0.544720529308122
2581,1,0.311268873890356
2582,6,0
2583,6,0
2584,10,0.0136180132327031
2585,6,0
2586,25,0.0778172184725889
2587,21,0.141043708481567
2588,8,0.0748990727798668
2589,1,0
2590,4,0
2591,5,0
2592,11,0
2593,1,0
2594,7,0
2595,3,0
2596,12,0
2597,18,0.00778172184725889
2598,25,0.108944105861624
2599,4,0.0311268873890356
2600,8,0
2601,21,0.405850914173614
2602,16,0.293003761731552
2603,8,0.0136180132327031
2604,6,0.0136180132327031
2605,1,0
2606,8,0
2607,8,0
2608,7,0
2609,37,0.272360264654061
2610,34,0.276251125577691
2611,1,0
2612,2,0
2613,20,0.0622537747780711
2614,3,0
2615,2,0
2616,14,0.205242913721453
2617,9,0.112066543125974
2618,1,0
2619,1,0.0622537747780711
2620,6,0.118094940426239
2621,2,0.186761324334213
2622,1,0.241233377265026
2623,3,0
2624,4,0
2625,9,0
2626,25,0.165361589254251
2627,12,0.0924079469361993
2628,12,0.07003549662533
2629,2,0
2630,23,0.162839841047977
2631,16,0.118094940426239
2632,3,0
2633,7,0
2634,3,0
2635,4,0
2636,4,0.00778172184725889
2637,5,0.00778172184725889
2638,5,0
2639,3,0
2640,5,0
2641,2,0
2642,8,0
2643,60,0.474685032682792
2644,10,0.0466903310835534
2645,1,0
2646,9,0.0311268873890356
2647,18,0.328610013445484
2648,8,0
2649,15,0.111285933809887
2650,8,0.0280166357814936
2651,16,0
2652,7,0
2653,1,0.00291814569272208
2654,5,0.0311268873890356
2655,31,0.194543046181472
2656,18,0
2657,19,0.108944105861624
2658,9,0
2659,2,0.0778172184725889
2660,6,0
2661,2,0
2662,3,0.0280166357814936
2663,2,0
2664,5,0
2665,9,0.0389086092362945
2666,48,0.451339867141016
2667,29,0.217888211723249
2668,3,0
2669,12,0
2670,5,0.057978702024802
2671,16,0.292031046500644
2672,5,0
2673,1,0
2674,11,0
2675,18,0.135795920497391
2676,1,0
2677,12,0.0466903310835534
2678,25,0.147852715097919
2679,9,0
2680,20,0.183855364298299
2681,4,0
2682,4,0.00778172184725889
2683,3,0
2684,20,0.159141086039168
2685,4,0
2686,14,0
2687,26,0.126260874103137
2688,5,0
2689,1,0
2690,1,0
2691,15,0.0145907284636104
2692,21,0.225669933570508
2693,8,0.0311268873890356
2694,13,0.07003549662533
2695,9,0.0466903310835534
2696,7,0
2697,1,0
2698,10,0
2699,1,0
2700,2,0
2701,7,0.056417483392627
2702,1,0
2703,1,0
2704,3,0
2705,6,0
2706,4,0
2707,9,0
2708,70,0.568065694849899
2709,7,0.0233451655417767
2710,24,0.0544720529308122
2711,9,0.0601162384014366
2712,8,0
2713,5,0
2714,7,0.0155634436945178
2715,19,0.0933806621671067
2716,2,0
2717,4,0
2718,21,0.203693880746086
2719,5,0.0813238675665787
2720,2,0.00778172184725889
2721,6,0.086968053037203
2722,6,0.0155634436945178
2723,12,0
2724,7,0.0204270198490546
2725,26,0.224133086251949
2726,12,0
2727,21,0.0389086092362945
2728,10,0
2729,6,0.0280166357814936
2730,1,0
2731,17,0.0116725827708883
2732,7,0
2733,1,0
2734,15,0.0544720529308122
2735,45,0.381304370515686
2736,61,0.536938807460864
2737,38,0.272360264654061
2738,24,0.178979602486955
2739,13,0.0778172184725889
2740,3,0
2741,8,0
2742,1,0
2743,7,0
2744,18,0.0601162384014366
2745,6,0
2746,32,0.207968953499356
2747,1,0
2748,9,0
2749,6,0.00778172184725889
2750,19,0.0834614039432132
2751,7,0.028989351012401
2752,12,0.07003549662533
2753,1,0
2754,8,0.197665483445822
2755,47,0.697281271616182
2756,6,0.0348256423978452
2757,1,0
2758,11,0
2759,8,0
2760,11,0
2761,8,0.257781721847259
2762,3,0
2763,2,0.00194543046181472
2764,5,0
2765,4,0
2766,8,0.0272360264654061
2767,7,0
2768,6,0
2769,29,0.21010648987599
2770,58,0.599192582238935
2771,50,0.396867814210204
2772,67,0.645882913322488
2773,30,0.14007099325066
2774,2,0
2775,17,0.108944105861624
2776,21,0.0233451655417767
2777,4,0
2778,16,0.239696529946467
2779,15,0.07003549662533
2780,8,0.0311268873890356
2781,7,0
2782,1,0
2783,1,0
2784,7,0
2785,27,0.29823936405892
2786,8,0.282688106021211
2787,11,0.0233451655417767
2788,1,0
2789,9,0
2790,1,0
2791,6,0.0560332715629872
2792,11,0.0252905960035914
2793,33,0.184623787957579
2794,3,0
2795,5,0
2796,25,0.163416158792437
2797,54,0.459121588988275
2798,53,0.466903310835533
2799,17,0.0466903310835534
2800,19,0.0233451655417767
2801,1,0
2802,8,0.0155634436945178
2803,9,0.0348256423978452
2804,39,0.611682331296335
2805,8,0
2806,2,0
2807,7,0
2808,6,0
2809,5,0.0233451655417767
2810,7,0.132289271403401
2811,3,0.0466903310835534
2812,4,0.00778172184725889
2813,10,0
2814,9,0.0233451655417767
2815,1,0
2816,9,0.279385748498849
2817,21,0.538344477148643
2818,7,0.0484436556305482
2819,7,0
2820,33,0.241233377265026
2821,81,0.645882913322488
2822,35,0.241233377265026
2823,2,0
2824,10,0.0389086092362945
2825,6,0.0233451655417767
2826,1,0
2827,3,0.00778172184725889
2828,57,0.485973403624041
2829,8,0.0622537747780711
2830,6,0.00680900661635153
2831,13,0.0778172184725889
2832,2,0
2833,13,0.0855989403198478
2834,13,0.0311268873890356
2835,2,0
2836,10,0
2837,8,0
2838,24,0.00778172184725889
2839,4,0
2840,1,0
2841,5,0
2842,3,0.0155634436945178
2843,31,0.155634436945178
2844,13,0.0622537747780711
2845,10,0.0389086092362945
2846,5,0.0311268873890356
2847,15,0
2848,14,0.313430781580606
2849,8,0.356626649226978
2850,16,0
2851,4,0.0155634436945178
2852,15,0
2853,6,0.0311268873890356
2854,7,0.0233451655417767
2855,25,0.108944105861624
2856,26,0.186761324334213
2857,63,0.544720529308122
2858,13,0
2859,15,0.0855989403198478
2860,23,0.101162384014366
2861,1,0
2862,23,0.116533721794064
2863,8,0.021399735079962
2864,12,0.0389086092362945
2865,18,0.0311268873890356
2866,5,0
2867,5,0
2868,4,0.00778172184725889
2869,9,0
2870,9,0
2871,6,0
2872,4,0
2873,3,0
2874,60,0.443558145293757
2875,37,0.272360264654061
2876,5,0.124507549556142
2877,16,0.0233451655417767
2878,43,0.311268873890356
2879,18,0.0544720529308122
2880,11,0.0544720529308122
2881,9,0.0544720529308122
2882,3,0
2883,11,0.3414474173621
2884,9,0.00778172184725889
2885,1,0
2886,10,0
2887,11,0
2888,3,0
2889,19,0.101162384014366
2890,52,0.435776423446498
2891,3,0.0136180132327031
2892,33,0.212051920337805
2893,15,0.00778172184725889
2894,10,0.0389086092362945
2895,5,0
2896,1,0
2897,34,0.202324768028731
2898,16,0.101162384014366
2899,5,0.0155634436945178
2900,3,0
2901,22,0.147852715097919
2902,79,0.63031946962797
2903,28,0.21010648987599
2904,6,0.0855989403198478
2905,17,0.14007099325066
2906,80,0.638101191475229
2907,18,0.132289271403401
2908,13,0.0155634436945178
2909,2,0.0155634436945178
2910,2,0.108944105861624
2911,1,0
2912,3,0
2913,36,0.194543046181472
2914,9,0
2915,12,0.0155634436945178
2916,21,0.0778172184725889
2917,25,0.178979602486955
2918,46,0.35017748312665
2919,5,0
2920,10,0
2921,12,0.0155634436945178
2922,12,0
2923,38,0.287923708348579
2924,64,0.544720529308122
2925,2,0.00778172184725889
2926,8,0
2927,30,0.116725827708883
2928,2,0
2929,19,0.101162384014366
2930,2,0.0311268873890356
2931,7,0.07003549662533
2932,59,0.482466754530051
2933,64,0.677009800711524
2934,53,0.435776423446498
2935,53,0.451339867141016
2936,6,0.0933806621671067
2937,6,0
2938,12,0
2939,2,0.0962988078598288
2940,10,0.14007099325066
2941,6,0
2942,3,0
2943,8,0
2944,1,0
2945,24,0.101162384014366
2946,12,0.0560332715629872
2947,2,0
2948,40,0.287923708348579
2949,47,0.334614039432132
2950,10,0
2951,21,0.0855989403198478
2952,9,0.0233451655417767
2953,17,0.0155634436945178
2954,39,0.194543046181472
2955,10,0.0466903310835534
2956,59,0.474685032682792
2957,85,0.669228078864265
2958,67,0.505811920071828
2959,2,0
2960,3,0
2961,1,0.0571980927087145
2962,1,0
2963,6,0.00778172184725889
2964,4,0
2965,3,0
2966,3,0
2967,18,0.204090278232534
2968,8,0
2969,16,0
2970,25,0.171197880639696
2971,69,0.544720529308122
2972,87,0.677009800711524
2973,31,0.225669933570508
2974,2,0
2975,1,0
2976,23,0.116725827708883
2977,23,0.132289271403401
2978,8,0.0155634436945178
2979,8,0
2980,2,0
2981,12,0.0155634436945178
2982,22,0.171197880639696
2983,32,0.241233377265026
2984,1,0
2985,3,0
2986,7,0.010699867539981
2987,3,0.00778172184725889
2988,1,0
2989,14,0
2990,6,0
2991,4,0
2992,2,0
2993,1,0.00778172184725889
2994,2,0.0369631787744797
2995,7,0.0223724503108693
2996,5,0.00778172184725889
2997,2,0
2998,1,0
2999,14,0.0155634436945178
3000,4,0.00778172184725889
3001,14,0.0544720529308122
3002,19,0.0233451655417767
3003,8,0.00389086092362945
3004,7,0.00778172184725889
3005,9,0.00778172184725889
3006,1,0
3007,10,0
3008,42,0.326832317584873
3009,3,0.0155634436945178
3010,10,0.0136180132327031
3011,6,0.0155634436945178
3012,19,0.07003549662533
3013,7,0
3014,4,0
3015,1,0
3016,3,0
3017,2,0
3018,15,0.00583629138544417
3019,19,0.0389086092362945
3020,6,0
3021,1,0
3022,1,0.00778172184725889
3023,1,0.0466903310835534
3024,10,0
3025,2,0
3026,1,0
3027,1,0.0155634436945178
3028,7,0
3029,3,0
3030,4,0
3031,5,0.0204270198490546
3032,12,0
3033,14,0.103696317877448
3034,7,0
3035,2,0
3036,1,0
3037,1,0
3038,3,0
3039,3,0.00778172184725889
3040,5,0.00778172184725889
3041,15,0.0311268873890356
3042,4,0
3043,7,0
3044,2,0
3045,4,0
3046,5,0.0155634436945178
3047,2,0
